<?xml version="1.0" encoding="UTF-8" standalone="no"?><header><transaction><azon>1</azon><type>bevetel</type><date>2010.04.06.</date><price>+300</price><description>ez egy kis Leiras</description></transaction><transaction><azon>4</azon><type>kiadás</type><date>2003.10.17.</date><price>-209.7</price><description>Csokira ment el ez a pénz!</description></transaction><transaction><azon>6</azon><type>bevétel</type><date>2006.03.23.</date><price>-310.9</price><description>Ez egy szöveges, és ékezetes leírás!</description></transaction><transaction><azon>9</azon><type>kiadás</type><date>2022.05.21.</date><price>-560</price><description>Kiskorsó, korsóban nagy, sörben kicsi.</description></transaction></header>








